CREATE DATABASE StudentPortal;
use StudentPortal

CREATE TABLE LOGIN_INFO
( USERID VARCHAR(40) PRIMARY KEY NOT NULL,
PASSWORD_ VARCHAR(30) NOT NULL
);
CREATE TABLE STUDENT (
    USERID VARCHAR(40) NOT NULL,   -- Changed to VARCHAR
    S_NAME VARCHAR(40) NOT NULL,   -- Changed to VARCHAR
    ROLL_NUMBER INT PRIMARY KEY NOT NULL,
    UG_PG VARCHAR(2) NOT NULL,
    FOREIGN KEY (USERID) REFERENCES LOGIN_INFO(USERID)
);
CREATE TABLE FEES (
    ROLL_NUMBER INT NOT NULL,  -- Use INT instead of NUMBER for MySQL
    TUTION_FEE DECIMAL(10, 2) NOT NULL,  -- Using DECIMAL for financial values
    HOSTEL_FEE DECIMAL(10, 2) NOT NULL,
    OTHER_CHARGES DECIMAL(10, 2) NOT NULL,
    PRIMARY KEY (ROLL_NUMBER),  -- Set the primary key
    FOREIGN KEY (ROLL_NUMBER) REFERENCES STUDENT(ROLL_NUMBER)  -- Foreign key reference
);
-- SUBJECT Table
CREATE TABLE SUBJECT (
    SUBJECT_NAME VARCHAR(40) PRIMARY KEY NOT NULL,
    RECORDINGS VARCHAR(100) NOT NULL,
    READING_MATERIAL VARCHAR(100) NOT NULL,
    CREDITS SMALLINT NOT NULL
);

-- EXAM Table
CREATE TABLE EXAM (
    SUBJECT VARCHAR(40) NOT NULL,
    EXAM_CODE VARCHAR(6) PRIMARY KEY NOT NULL,
    MARKS DECIMAL(5, 2) NOT NULL,  -- Assuming marks can have decimals
    EXAM_DATE DATE NOT NULL,
    LENGTH VARCHAR(7) NOT NULL,
    TYPE_ VARCHAR(7) NOT NULL,  -- Renamed to TYPE_ to avoid using reserved keyword
    FOREIGN KEY (SUBJECT) REFERENCES SUBJECT(SUBJECT_NAME)
);

-- COURSE Table
CREATE TABLE COURSE (
    ROLL_NUMBER INT NOT NULL,  -- Replaced NUMBER with INT for MySQL
    SUBJECT_NAME VARCHAR(40) NOT NULL,
    PRIMARY KEY(SUBJECT_NAME, ROLL_NUMBER),
    FOREIGN KEY (ROLL_NUMBER) REFERENCES STUDENT(ROLL_NUMBER),
    FOREIGN KEY (SUBJECT_NAME) REFERENCES SUBJECT(SUBJECT_NAME)
);

-- PROJECTS Table
CREATE TABLE PROJECTS (
    PROJECT_NAME VARCHAR(40) PRIMARY KEY NOT NULL,
    SUBJECT VARCHAR(40) NOT NULL,
    YEAR_ INT NOT NULL
);

-- MADE Table
CREATE TABLE MADE (
    ROLL_NUMBER INT NOT NULL,
    PROJECT_NAME VARCHAR(40) NOT NULL,
    FOREIGN KEY (ROLL_NUMBER) REFERENCES STUDENT(ROLL_NUMBER),
    FOREIGN KEY (PROJECT_NAME) REFERENCES PROJECTS(PROJECT_NAME)
);

-- FACULTY Table
CREATE TABLE FACULTY (
    FAC_ID INT PRIMARY KEY NOT NULL,
    FAC_NAME VARCHAR(20) NOT NULL,
    EMAIL VARCHAR(100) NOT NULL,
    SUBJECT_NAME VARCHAR(40) NOT NULL,
    FOREIGN KEY (SUBJECT_NAME) REFERENCES SUBJECT(SUBJECT_NAME)
);

-- ATTENDANCE Table
CREATE TABLE ATTENDANCE (
    ROLL_NUMBER INT NOT NULL,
    FAC_ID INT NOT NULL,
    PERCENTAGE DECIMAL(5, 2) NOT NULL,  -- Using DECIMAL for percentage precision
    FOREIGN KEY (ROLL_NUMBER) REFERENCES STUDENT(ROLL_NUMBER),
    FOREIGN KEY (FAC_ID) REFERENCES FACULTY(FAC_ID)
);

CREATE TABLE ASSIGNMENT (
    SUBJECT_NAME VARCHAR(100) NOT NULL,
    ASSIGNMENT_NAME VARCHAR(100) NOT NULL,
    LAB_THEORY VARCHAR(20) NOT NULL,
    DEADLINE DATE NOT NULL,
    PRIMARY KEY (SUBJECT_NAME, ASSIGNMENT_NAME)
);

-- DROP TABLE ASSIGNMENT;


-- INSERTING VALUES
INSERT INTO LOGIN_INFO VALUES('singh_197110@student.nitw.ac.in',
'SINGH0123');
INSERT INTO LOGIN_INFO VALUES('bhatia_197123@student.nitw.ac.in',
'BHATIA4567');
INSERT INTO LOGIN_INFO VALUES('patel_197242@student.nitw.ac.in',
'PATEL1430');
INSERT INTO LOGIN_INFO VALUES('pradhan_196125@student.nitw.ac.in',
'PRAD43210');
INSERT INTO LOGIN_INFO VALUES('verma_196137@student.nitw.ac.in',
'ADITYA6789');
INSERT INTO LOGIN_INFO VALUES('sahani_198209@student.nitw.ac.in',
'SAHANI9876');
INSERT INTO LOGIN_INFO VALUES ('chhaje_197238@student.nitw.ac.in',
'CHHAJED7238');
INSERT INTO LOGIN_INFO VALUES ('balai_197254@student.nitw.ac.in',
'BALAI7254');
INSERT INTO LOGIN_INFO VALUES ('mishra_197258@student.nitw.ac.in',
'MISHRA7258');
INSERT INTO LOGIN_INFO VALUES ('johar_197264@student.nitw.ac.in',
'JOHAR7264');
INSERT INTO LOGIN_INFO VALUES('khan_198101@student.nitw.ac.in','KHAN8101');


INSERT INTO STUDENT VALUES ('singh_197110@student.nitw.ac.in','NAVJOT
SINGH',197110,'UG');
INSERT INTO STUDENT VALUES ('bhatia_197123@student.nitw.ac.in','TANMAY
BHATIYA',197123,'UG');
INSERT INTO STUDENT VALUES ('patel_197242@student.nitw.ac.in','HARSH
PATEL',197242,'UG');
INSERT INTO STUDENT VALUES ('pradhan_196125@student.nitw.ac.in','BINOD
PRADHAN',196125,'PG');
INSERT INTO STUDENT VALUES ('verma_196137@student.nitw.ac.in','RAM GOPAL
VERMA',196137,'PG');
INSERT INTO STUDENT VALUES ('sahani_198209@student.nitw.ac.in','AMANDEEP
SAHANI',198209,'PG');
INSERT INTO STUDENT VALUES ('chhaje_197238@student.nitw.ac.in','RAICHAND
CHHAJED',197238,'UG');
INSERT INTO STUDENT VALUES ('balai_197254@student.nitw.ac.in','ANAND
BALAI',197254,'UG');
INSERT INTO STUDENT VALUES ('khan_198101@student.nitw.ac.in','GENGHIS
KHAN',198101,'PG');
INSERT INTO STUDENT VALUES ('mishra_197258@student.nitw.ac.in','PRATIK
MISHRA',197258,'UG');
INSERT INTO STUDENT VALUES ('johar_197264@student.nitw.ac.in','RUHI
JOHAR',197264,'UG');

INSERT INTO FEES VALUES(197110, 132000, 47000, 5200);
INSERT INTO FEES VALUES(197123, 132000, 48000, 5000);
INSERT INTO FEES VALUES(197242, 325000, 50000, 5250);
INSERT INTO FEES VALUES(196125, 100000, 10000, 2100);
INSERT INTO FEES VALUES(196137, 325000, 50000, 5100);
INSERT INTO FEES VALUES(198209, 132000, 50000, 5000);
INSERT INTO FEES VALUES(197238, 100000, 10000, 2100);
INSERT INTO FEES VALUES(197254, 50000, 10000, 1000);
INSERT INTO FEES VALUES(198101, 325000, 50000, 5100);
INSERT INTO FEES VALUES(197258, 132000, 48000, 5000);
INSERT INTO FEES VALUES(197264, 50000, 10000, 1000);

INSERT INTO SUBJECT VALUES('INTEGRATED CIRCUITS',

'https://drive.google.com/drive/folders/1JNyBtJ','https://second-
lms.nitwcloud.in/moodle/pluginfile.php/content/1/bjeswb1.pdf',3);

INSERT INTO SUBJECT VALUES('MODELLING THEORY',

'https://professional.mit.edu/modeling-and-optimization-machine-
learning','https://drive.google.com/file/d/1s5govFb6sodB7jEETkWD2bw/view',3);

INSERT INTO SUBJECT VALUES('DIGITAL ELECTRONICS',
'https://www.tinkercad.com/dashboard?type=circuits','https://drive.google.com
/file/d/2xXErGeeb_Q/view',3);
INSERT INTO SUBJECT VALUES('OBJECT ORIENTED PROGRAMMING',

'https://drive.google.com/file/1ZHDbmM4uk7InX/view','https://second-
lms.nitwcloud.in/moodle/mod/url/view.php',3);

INSERT INTO SUBJECT VALUES('DATA STRUCTURES',
'https://drive.google.com/drive/folders/1JNyBtJ','https://lms.moodle.in/1/mod
/url/view.php/bjeswb1.mov',3);
INSERT INTO SUBJECT VALUES('DATA STRUCTURES LAB',
'https://drive.google.com/drive/folders/bDS14K','https://lms.moodle.in/1/mod/
url/view.php/bjeswb1.mov',2);
INSERT INTO SUBJECT VALUES('DATA MANAGEMENT',

'https://drive.google.com/drive/folders/1FC1u0K','https://second-
lms.nitwcloud.in/moodle/pluginfile.php/content/1/bjeswb1.pdf',3);

INSERT INTO SUBJECT VALUES('DATA MANAGEMENT LAB',
'https://drive.google.com/drive/folders/Gr8qTH','https://lms.moodle.in/1/mod/
url/view.php/bjeswb1.mov',1);
INSERT INTO SUBJECT VALUES('COMPUTER ARCHITECTURE',
'https://drive.google.com/drive/folders/W3rDEd','https://lms.moodle.in/1/mod/
url/view.php/bjeswb1.mov',1);
INSERT INTO SUBJECT VALUES('NETWORK ANALYSIS',
'https://drive.google.com/drive/folders/UsD0e2W','https://lms.moodle.in/1/mod
/url/view.php/bjeswb1.mov',2);



-- DATA STRUCTURES LAB
INSERT INTO EXAM (SUBJECT, EXAM_CODE, MARKS, EXAM_DATE, LENGTH, TYPE_) 
VALUES ('DATA STRUCTURES LAB', 'DSL100', 10, '2021-04-30', '20 MIN', 'QUIZ');

-- DATA STRUCTURES
INSERT INTO EXAM (SUBJECT, EXAM_CODE, MARKS, EXAM_DATE, LENGTH, TYPE_) 
VALUES ('DATA STRUCTURES', 'DSA101', 50, '2021-05-10', '3 HRS', 'END SEM');

-- DATA MANAGEMENT
INSERT INTO EXAM (SUBJECT, EXAM_CODE, MARKS, EXAM_DATE, LENGTH, TYPE_) 
VALUES ('DATA MANAGEMENT', 'DBM302', 20, '2021-04-23', '30 MIN', 'MINOR');

-- OBJECT ORIENTED PROGRAMMING
INSERT INTO EXAM (SUBJECT, EXAM_CODE, MARKS, EXAM_DATE, LENGTH, TYPE_) 
VALUES ('OBJECT ORIENTED PROGRAMMING', 'OOP201', 30, '2021-02-28', '2 HRS', 'MID SEM');

-- MODELLING THEORY - First entry
INSERT INTO EXAM (SUBJECT, EXAM_CODE, MARKS, EXAM_DATE, LENGTH, TYPE_) 
VALUES ('MODELLING THEORY', 'MOT321', 15, '2021-01-30', '20 MIN', 'MINOR');

-- MODELLING THEORY - Second entry
-- INSERT INTO EXAM (SUBJECT, EXAM_CODE, MARKS, EXAM_DATE, LENGTH, TYPE_) 
-- VALUES ('MODELLING THEORY', 'MOT321', 15, '2021-02-10', '20 MIN', 'MINOR');

-- INTEGRATED CIRCUITS
INSERT INTO EXAM (SUBJECT, EXAM_CODE, MARKS, EXAM_DATE, LENGTH, TYPE_) 
VALUES ('INTEGRATED CIRCUITS', 'ICA105', 50, '2021-05-30', '3 HRS', 'END SEM');

-- COMPUTER ARCHITECTURE
INSERT INTO EXAM (SUBJECT, EXAM_CODE, MARKS, EXAM_DATE, LENGTH, TYPE_) 
VALUES ('COMPUTER ARCHITECTURE', 'CA208', 50, '2021-05-17', '3 HRS', 'END SEM');

-- NETWORK ANALYSIS
INSERT INTO EXAM (SUBJECT, EXAM_CODE, MARKS, EXAM_DATE, LENGTH, TYPE_) 
VALUES ('NETWORK ANALYSIS', 'NA230', 50, '2021-05-12', '3 HRS', 'END SEM');

-- DIGITAL ELECTRONICS
INSERT INTO EXAM (SUBJECT, EXAM_CODE, MARKS, EXAM_DATE, LENGTH, TYPE_) 
VALUES ('DIGITAL ELECTRONICS', 'DLD111', 50, '2021-05-25', '3 HRS', 'END SEM');




INSERT INTO ASSIGNMENT (SUBJECT_NAME, ASSIGNMENT_NAME, LAB_THEORY, DEADLINE) VALUES 
('DATA STRUCTURES LAB', 'STACKS AND QUEUES', 'LAB', '2020-10-20'),
('DATA MANAGEMENT LAB', 'PL/SQL', 'LAB', '2021-04-20'),
('OBJECT ORIENTED PROGRAMMING', 'INTERFACES', 'THEORY', '2021-02-26'),
('MODELLING THEORY', 'GENETIC ALGORITHMS', 'THEORY', '2021-03-16'),
('INTEGRATED CIRCUITS', 'WORKING OF IC555', 'LAB', '2021-01-11'),
('DIGITAL ELECTRONICS', 'REGISTER CIRCUITS', 'LAB', '2020-12-10'),
('COMPUTER ARCHITECTURE', 'PIPELINING', 'THEORY', '2020-04-21'),
('DATA STRUCTURES', 'HEAPS', 'THEORY', '2020-12-12'),
('DATA MANAGEMENT', 'NORMALIZATION', 'THEORY', '2021-04-20');



INSERT INTO COURSE VALUES(197110,'INTEGRATED CIRCUITS');
INSERT INTO COURSE VALUES(197110,'OBJECT ORIENTED PROGRAMMING');
INSERT INTO COURSE VALUES(197110,'DATA STRUCTURES');
INSERT INTO COURSE VALUES(197123,'OBJECT ORIENTED PROGRAMMING');
INSERT INTO COURSE VALUES(197123,'DATA STRUCTURES LAB');
INSERT INTO COURSE VALUES(197123,'MODELLING THEORY');
INSERT INTO COURSE VALUES(197242,'COMPUTER ARCHITECTURE');
INSERT INTO COURSE VALUES(197242,'DATA MANAGEMENT');
INSERT INTO COURSE VALUES(196125,'DIGITAL ELECTRONICS');
INSERT INTO COURSE VALUES(196125,'INTEGRATED CIRCUITS');
INSERT INTO COURSE VALUES(196125,'OBJECT ORIENTED PROGRAMMING');
INSERT INTO COURSE VALUES(196137,'DATA MANAGEMENT LAB');
INSERT INTO COURSE VALUES(196137,'INTEGRATED CIRCUITS');
INSERT INTO COURSE VALUES(196137,'NETWORK ANALYSIS');
INSERT INTO COURSE VALUES(198209,'DATA STRUCTURES LAB');
INSERT INTO COURSE VALUES(198209,'MODELLING THEORY');
INSERT INTO COURSE VALUES(198209,'COMPUTER ARCHITECTURE');
INSERT INTO COURSE VALUES(198209,'DATA MANAGEMENT');
INSERT INTO COURSE VALUES(197238,'INTEGRATED CIRCUITS');
INSERT INTO COURSE VALUES(197238,'NETWORK ANALYSIS');
INSERT INTO COURSE VALUES(197238,'COMPUTER ARCHITECTURE');
INSERT INTO COURSE VALUES(197254,'DATA MANAGEMENT');
INSERT INTO COURSE VALUES(197254,'DIGITAL ELECTRONICS');
INSERT INTO COURSE VALUES(197254,'INTEGRATED CIRCUITS');
INSERT INTO COURSE VALUES(198101,'DATA MANAGEMENT LAB');
INSERT INTO COURSE VALUES(198101,'DATA STRUCTURES LAB');
INSERT INTO COURSE VALUES(198101,'MODELLING THEORY');
INSERT INTO COURSE VALUES(197258,'DATA MANAGEMENT');
INSERT INTO COURSE VALUES(197258,'DATA STRUCTURES');
INSERT INTO COURSE VALUES(197258,'OBJECT ORIENTED PROGRAMMING');
INSERT INTO COURSE VALUES(197264,'OBJECT ORIENTED PROGRAMMING');
INSERT INTO COURSE VALUES(197264,'INTEGRATED CIRCUITS');
INSERT INTO COURSE VALUES(197264,'MODELLING THEORY');


INSERT INTO PROJECTS VALUES('Running Time for Sorting Problem','Algorithms
Analysis', '2018');
INSERT INTO PROJECTS VALUES('Facial Emotion Recognition','Application of Deep
Learning', '2020');
INSERT INTO PROJECTS VALUES('Honest Review Website','Web Development and
Designing', '2017');
INSERT INTO PROJECTS VALUES('Aquarium Simulation using Graphics','Computer
Graphics and Applications', '2020');
INSERT INTO PROJECTS VALUES('Stack Based Text Editor','Data Structures and
Algorithms', '2017');
INSERT INTO PROJECTS VALUES('Graphical Evaluation Review Technique','Network
analysis: Project Management', '2020');
INSERT INTO PROJECTS VALUES('Language Translator in Python Project','Deep
Learning', '2019');
INSERT INTO PROJECTS VALUES('Chatbot Using Deep Learning','Deep Learning',
'2021');
INSERT INTO PROJECTS VALUES('SMS Controlled Robot','Electronics and
Communication with AI', '2018');


INSERT INTO MADE VALUES(197110, 'SMS Controlled Robot');
INSERT INTO MADE VALUES(197110, 'Stack Based Text Editor');
INSERT INTO MADE VALUES(197123, 'Aquarium Simulation using Graphics');
INSERT INTO MADE VALUES(197123, 'Running Time for Sorting Problem');
INSERT INTO MADE VALUES(197242, 'Stack Based Text Editor');
INSERT INTO MADE VALUES(197242, 'Honest Review Website');
INSERT INTO MADE VALUES(197242, 'Graphical Evaluation Review Technique');
INSERT INTO MADE VALUES(196125, 'Aquarium Simulation using Graphics');
INSERT INTO MADE VALUES(196137, 'Language Translator in Python Project');
INSERT INTO MADE VALUES(196137, 'SMS Controlled Robot');
INSERT INTO MADE VALUES(196137, 'Honest Review Website');
INSERT INTO MADE VALUES(198209, 'Chatbot Using Deep Learning');
INSERT INTO MADE VALUES(198209, 'Facial Emotion Recognition');
INSERT INTO MADE VALUES(198209, 'SMS Controlled Robot');
INSERT INTO MADE VALUES(197238, 'Facial Emotion Recognition');
INSERT INTO MADE VALUES(197238, 'Language Translator in Python Project');
INSERT INTO MADE VALUES(197238, 'Graphical Evaluation Review Technique');
INSERT INTO MADE VALUES(197254, 'Facial Emotion Recognition');
INSERT INTO MADE VALUES(198101, 'Stack Based Text Editor');
INSERT INTO MADE VALUES(198101, 'Running Time for Sorting Problem');
INSERT INTO MADE VALUES(198101, 'Aquarium Simulation using Graphics');
INSERT INTO MADE VALUES(197258, 'Running Time for Sorting Problem');
INSERT INTO MADE VALUES(197258, 'Honest Review Website');
INSERT INTO MADE VALUES(197258, 'Chatbot Using Deep Learning');
INSERT INTO MADE VALUES(197264, 'SMS Controlled Robot');
INSERT INTO MADE VALUES(197264, 'Aquarium Simulation using Graphics');


INSERT INTO FACULTY (FAC_ID, FAC_NAME, EMAIL, SUBJECT_NAME) VALUES 
(210078, 'RAMESH VERMA', 'r_verma@nitw.ac.in', 'NETWORK ANALYSIS'),
(210031, 'NEHA SAXENA', 'n_saxena@nitw.ac.in', 'MODELLING THEORY'),
(210052, 'SHREYA KOHLI', 'p_kohli@nitw.ac.in', 'COMPUTER ARCHITECTURE'),
(210047, 'MAHENDRA PAL', 'm_pal@nitw.ac.in', 'DIGITAL ELECTRONICS'),
(210024, 'KAPIL RANA', 'k_rana@nitw.ac.in', 'INTEGRATED CIRCUITS'),
(210009, 'SEBASTIAN BATTENY', 's_batteny@nitw.ac.in', 'DATA STRUCTURES'),
(210010, 'MARK STEWART', 'm_stewart@nitw.ac.in', 'DATA STRUCTURES LAB'),
(210066, 'RAMA SINDE', 'r_sinde@nitw.ac.in', 'OBJECT ORIENTED PROGRAMMING'),
(210042, 'SHEKHAR KHURESHI', 's_khureshi@nitw.ac.in', 'DATA MANAGEMENT'),
(210090, 'SHAKSHI SEN', 's_sen@nitw.ac.in', 'DATA MANAGEMENT');



INSERT INTO ATTENDANCE VALUES (197110, 210078, 88);
INSERT INTO ATTENDANCE VALUES (197110, 210047, 63);
INSERT INTO ATTENDANCE VALUES (197123, 210024, 94);
INSERT INTO ATTENDANCE VALUES (197123, 210042, 85);
INSERT INTO ATTENDANCE VALUES (197123, 210090, 59);
INSERT INTO ATTENDANCE VALUES (197242, 210052, 90);
INSERT INTO ATTENDANCE VALUES (197242, 210031, 88);
INSERT INTO ATTENDANCE VALUES (196125, 210009, 58);
INSERT INTO ATTENDANCE VALUES (196125, 210010, 85);
INSERT INTO ATTENDANCE VALUES (196137, 210042, 80);
INSERT INTO ATTENDANCE VALUES (196137, 210090, 61);
INSERT INTO ATTENDANCE VALUES (196137, 210024, 89);
INSERT INTO ATTENDANCE VALUES (198209, 210031, 94);
INSERT INTO ATTENDANCE VALUES (197238, 210066, 83);
INSERT INTO ATTENDANCE VALUES (197238, 210052, 96);
INSERT INTO ATTENDANCE VALUES (197254, 210042, 87);
INSERT INTO ATTENDANCE VALUES (197254, 210090, 91);
INSERT INTO ATTENDANCE VALUES (198101, 210078, 80);
INSERT INTO ATTENDANCE VALUES (197258, 210009, 93);
INSERT INTO ATTENDANCE VALUES (197258, 210010, 86);
INSERT INTO ATTENDANCE VALUES (197264, 210024, 78);
INSERT INTO ATTENDANCE VALUES (197264, 210047, 92);


-- SQL QUERIES
-- 1.Display the details of the student profile with the entered user id and password
SELECT S_NAME, S.ROLL_NUMBER, UG_PG, TUTION_FEE, HOSTEL_FEE, OTHER_CHARGES
FROM ((STUDENT S INNER JOIN LOGIN_INFO L ON S.USERID=L.USERID)
INNER JOIN FEES F ON S.ROLL_NUMBER=F.ROLL_NUMBER)
WHERE (L.USERID='patel_197242@student.nitw.ac.in' AND
L.PASSWORD_='PATEL1430');

-- Wrong password entered:
SELECT S_NAME, S.ROLL_NUMBER, UG_PG, TUTION_FEE, HOSTEL_FEE, OTHER_CHARGES
FROM ((STUDENT S INNER JOIN LOGIN_INFO L ON S.USERID=L.USERID)
INNER JOIN FEES F ON S.ROLL_NUMBER=F.ROLL_NUMBER)
WHERE (L.USERID='patel_197242@student.nitw.ac.in' AND L.PASSWORD_=
'PATEL1234');

-- 2.Show all the details of all the projects made by roll number 197258.
SELECT S.ROLL_NUMBER, P.PROJECT_NAME, P.SUBJECT, P.YEAR_
FROM ((STUDENT S INNER JOIN MADE M ON S.ROLL_NUMBER= M.ROLL_NUMBER)
INNER JOIN PROJECTS P ON P.PROJECT_NAME=M.PROJECT_NAME)
WHERE S.ROLL_NUMBER=197258;

-- 3.Display the details of all the students taught by faculty with faculty id 210047.
SELECT S.ROLL_NUMBER, S.S_NAME, F.SUBJECT_NAME, S.UG_PG
FROM ((STUDENT S INNER JOIN ATTENDANCE A ON S.ROLL_NUMBER= A.ROLL_NUMBER)
INNER JOIN FACULTY F ON F.FAC_ID= A.FAC_ID)
WHERE F.FAC_ID= 210047;

-- 4.The minimum attendance percentage a student must maintain to be able to appear for the exams
-- is 80%. List the names of the students along with their attendance percentages who are NOT
-- eligible for exam. Also mention the corresponding faculty name and the subject name.

SELECT S.ROLL_NUMBER, S_NAME, PERCENTAGE, FAC_NAME, SUBJECT_NAME
FROM ((STUDENT S INNER JOIN ATTENDANCE A ON S.ROLL_NUMBER=A.ROLL_NUMBER)
INNER JOIN FACULTY F ON A.FAC_ID= F.FAC_ID)
WHERE PERCENTAGE<80;

-- 5. Display the course that was chosen by maximum number of students
SELECT SUBJECT_NAME, COUNT(*) AS NUMBER_OF_TIMES 
FROM COURSE 
GROUP BY SUBJECT_NAME 
HAVING COUNT(*) = (
    SELECT MAX(Cnt) 
    FROM (
        SELECT COUNT(*) AS Cnt 
        FROM COURSE 
        GROUP BY SUBJECT_NAME
    ) AS CountTable
);

